<?xml version="1.0" encoding="UTF-8" ?>
<!DOCTYPE html>
<html b:version='2' class='v2' expr:dir='data:blog.languageDirection' xmlns='http://www.w3.org/1999/xhtml' xmlns:b='http://www.google.com/2005/gml/b' xmlns:data='http://www.google.com/2005/gml/data' xmlns:expr='http://www.google.com/2005/gml/expr'>
  <head>
    <script src='//ajax.googleapis.com/ajax/libs/jquery/1.10.2/jquery.min.js'/>
    <link href='http://fonts.googleapis.com/css?family=Pacifico' rel='stylesheet' type='text/css'/>
    <link href='http://fonts.googleapis.com/css?family=Lora:400,700,400italic,700italic' rel='stylesheet' type='text/css'/>
    <link href='http://fonts.googleapis.com/css?family=Oswald' rel='stylesheet' type='text/css'/>

    <b:if cond='data:blog.isMobile'>
      <meta content='width=device-width,initial-scale=1.0,minimum-scale=1.0,maximum-scale=1.0' name='viewport'/>
    <b:else/>
      <meta content='width=1100' name='viewport'/>
    </b:if>
    <b:include data='blog' name='all-head-content'/>
    <title>
	<b:if cond='data:blog.homepageUrl == data:blog.url'>
		<data:blog.title/>
	<b:else/>
		<data:blog.pageName/> | <data:blog.title/>
	</b:if>
</title>

    <b:skin><![CDATA[
#layout #nav { height: 100px; }
#pagesmenuwidget {
	margin-top:15px;
}
a:link {color: #c4a549;
text-decoration: none;}    
a:visited {color: #c4a549;}  
a:hover {color:#111;text-decoration:none;}  
a:active {color: #c4a549;}  

.mobile .tabs-inner .PageList .widget-content .pagelist-arrow {
  border-$startSide: 1px solid $(tabs.border.color);
}
.navbar{display:none;}
body{
background: #EDEBE5;
color: #666;
font-family: 'Lora', serif;
font-size: 14px;
font-weight: normal;
line-height: 22px;
margin: 0;
padding: 0;
text-decoration: none;
}
#nav {
background: #67645C;
clear: both;
overflow: hidden;
text-transform: uppercase;
height:48px;

}
#menu li {               
display: inline;               
list-style: none;               
padding: 0;           
}    
#menu li a {   
padding: 12px 15px 14px;
color: #d9cca6;
font-size: 13px;
text-decoration: none;
font-family: oswald;
}

#menu{
text-align:center;
padding-right:45px;
}
#menu li a:hover {   

color:white;
}
.header-outer{
text-align:center;
}
.header-outer .title{
font-family: 'Pacifico', cursive;
font-size: 48px;
line-height: 60px;
margin: 0 0 5px;
text-shadow: #fff 1px 1px;
font-weight:normal;padding-right:30px;

}
.Header .description {
display:none;
}
.main-outer{
background:white;
}
#inner-top {
background: url(http://2.bp.blogspot.com/-tEqlW5dURlo/UgXqHbGwjDI/AAAAAAAAADM/PpHic4gVBco/s1600/inner-top.png);
height: 6px;
margin: 0 auto;
margin-top:20px;
}
.date-header{display:none;}

.post-title {
color: #333;
font-family: 'Oswald', sans-serif;
font-size: 24px;
line-height: 30px;
padding-bottom: 10px;
font-weight: 400;
}
.post-title a{
color: #333;text-decoration:none;
}
.post-title a:hover{
color: #c4a549;
}
.post-footer{display:none;}

.post1323 {
background: url(http://3.bp.blogspot.com/-5vid2KVG9LI/UgZDMoTFObI/AAAAAAAAAD0/bqPlmcNopCE/s1600/content-line.png) bottom repeat-x;
margin: 0 0 30px;
padding: 0 0 25px;
}
.sidebar h2 {
background: #D7CBA5;
border-right: 5px solid #c9bc93;
color: #65635b;
font-size: 14px;
letter-spacing: 2px;
margin: 0 -25px 10px 0;
padding: 10px 10px 10px 15px;
text-shadow: #f5f3ed 1px 1px;
font-family: 'Oswald', sans-serif;
text-transform: uppercase;
font-weight: 400;
}
.sidebar{margin-top:10px;}.sidebar{
padding-left:20px
}#footer-widgets-top {
background: url(http://4.bp.blogspot.com/-R1uOXQJEgRI/VpoA1ppq19I/AAAAAAAACyM/xRuIRvtOj8o/s000/footer-widgets-top.png);
width:98%;
height: 6px;
}
.header-outer .title a{
color:#666 !important
}
#lower { 
       padding: 0px 0px 10px 0px; 
       width: 98%; 
       background-image:url(http://1.bp.blogspot.com/-Ngafi-RaNVE/VpoA1zrET5I/AAAAAAAACyQ/kcUThJnLyHQ/s000/footer-widgets.png);
margin-bottom:-30px;
 
}  
#lower-wrapper { 
       margin:auto; 
       padding: 20px 0px 20px 0px; 
       width: 960px;
}
#lowerbar-wrapper { 
       float: left; 
       margin: 0px 5px auto; 
       padding-bottom: 20px; 
       width: 32%; 
       text-align: justify; 
     color: #cac5b8;
font-family: 'Lora', serif;
padding: 0 0 15px;
       word-wrap: break-word;  
       overflow: hidden; 
}
       .lowerbar {margin: 0; padding: 0;} 
       .lowerbar .widget {margin: 0; padding: 10px 20px 0px 20px;}
.lowerbar h2 {
background: url(http://2.bp.blogspot.com/-HEDhNxQMHzo/VpoA2EKzpfI/AAAAAAAACyY/MhVZ4lE25lA/s000/footer-widgets-line.png) bottom repeat-x;
border: none;
color: #f5f3ed;
font-family: 'Oswald', sans-serif;
font-size: 14px;
font-weight: normal;
letter-spacing: 2px;
margin: 0 0 15px;
padding: 0 0 20px;
text-shadow: none;
text-transform: uppercase;
}
.lowerbar ul { 
      margin: 0px 0px 0px 0px; 
      padding: 0px 0px 0px 0px; 
      list-style-type: none; 
}
#footer-widgetsfc {
background: url(http://2.bp.blogspot.com/-HEDhNxQMHzo/VpoA2EKzpfI/AAAAAAAACyY/MhVZ4lE25lA/s000/footer-widgets-line.png) repeat-x;
color: #cac5b8;
font-family: 'Lora', serif;
font-size: 13px;
margin: 0 auto;
overflow: hidden;
padding: 5px 0 10px;
width: 900px;
}
.feed-links{display:none;}
.Attribution{display:none;}

.gototop {
background-color: #dbd0b1;
border-top: 5px solid #c2b697;
width: 50px;
padding:5px;
padding-right:15px;
padding-left:15px;
margin-left:35px;
font-family: 'Droid Serif', arial, serif;
font-size: 14px;
letter-spacing: 1px;
text-transform: uppercase;
}
/* Comments----------------------------------------------- */
#comments {
background-color: #fff;
padding-top: 20px;
width: 590px;
}
.comments .continue a {
background:#0d86cc;
text-align:center;
padding:10px 0;
display:none;
}
.comments .continue a {
line-height: 30px;
margin: 0;
padding: 20px 0 14px 10px;
font-size: 18px!important;
text-transform: uppercase;
font-weight: 400!important;
color: #444;
}
.comments .user a {
color: #444!important;
font-size: 18px;
line-height: 25px;
text-transform: uppercase;
margin-top: 20px;
font-weight: 400;
padding-left: 15px;
font-family: 'Oswald', sans-serif;
}
#comments .avatar-image-container img {
border: 1px solid #ddd;
}
}
.comment-thread {
color:#111;
}
.comment-thread a {
color:#777;
}
.comment-thread ol {
margin:0 0 20px;
}
.comment-thread .comment-content a,.comments .user a,.comments .comment-thread.inline-thread .user a {
color:#000;
}
.comments .avatar-image-container{overflow: visible;}
.comments .avatar-image-container,.comments .avatar-image-container img {
width:48px;
max-width:40px;
height:40px;
max-height:48px;
background:#FFF;
float:left;
border-radius:50%;
-moz-border-radius:50%;
margin:0 10px 0 0;
}
.comments .comment-block,.comments .comments-content .comment-replies,.comments .comment-replybox-single {
margin-left:60px;

}

.thread-chrome .comment-block {
width: 455px;
}
.comments .comment-block,.comments .comment-thread.inline-thread .comment {
border:1px solid #ddd;
background:#fff;
background-color:#fff;
padding:10px;
padding-right:0px;
padding-left: 0px;
}

#comments h4 {
color: #333;
font-family: 'Oswald', sans-serif;
font-size: 24px;
line-height: 30px;
padding-bottom: 20px;
font-weight: 400;
margin-bottom: -15px;
}
.comment-header {
border-bottom: 1px solid #ddd;
padding-bottom: 10px;
}
.thread-chrome.thread-expanded .comment-header {
width: 440px;
margin-left: 15px;
}
.comments .comments-content .comment {
width:100%;
line-height:1em;
font-size:13px;
margin:15px 0 0;
padding:0;
}
.comments .comments-content .comment-content {
text-align: justify;
line-height: 22px;
overflow: hidden;
color: #420;
padding: 20px;
}

.thread-chrome .comment {
border: none!important;
}
.thread-chrome.thread-expanded .comment-content {
width: 420px;
line-height: 22px;
overflow:hidden
}
.comments .comment-thread.inline-thread .comment-actions {
display: none;
}
.item-control.blog-admin {
display: none;
}
.comments .comments-content .datetime {
cursor: pointer;
float: right;
padding-top: 6px;
padding-right: 20px;
}
.comment-actions {
background: #f2f2f2;
padding: 8px;
margin-left: 435px;
border: 1px solid #ddd;
border-right: 0px;
border-bottom: 0px;
float: right;
margin-top: -20px;
}

.pagenavi {
padding-bottom: 40px;
font-family: lora!important;
font-weight: bold;
font-style: italic;
}

.gototop a {
color: #66645c;
background: url(http://3.bp.blogspot.com/-1dBNcp083uU/VpoA2qaUonI/AAAAAAAACyg/LEQkbYTYppk/s000/footer-top.png) no-repeat center left;
padding: 2px 0 2px 20px;
font-size: 13px;
font-style: italic;
font-family: lora;
}
.pagenavi span, .pagenavi a {
margin: 0 5px 0 0;
padding: 5px 12px;
text-decoration: none;
background-color: #666;
border: 1px solid #666;
color: #fff;
font-family: 'Droid Serif', arial, serif;
}
#blog-pager a:visited, .pagenavi a:visited {
color: #fff;
}
#blog-pager a:hover, .pagenavi a:hover {
background-color: #c2b697;
border: 1px solid #c2b697;
color: #fff;
}
.pagenavi .current {
text-decoration: none;
background-color: #c2b697;
border: 1px solid #c2b697;
color: #fff;}
.pagenavi {
padding-bottom:40px;
}
.blog-pager{
padding-bottom:40px;

}
.home-link, #blog-pager-newer-link{padding-top:5px !important;}
#blog-pager-older-link{padding-top:5px;}
#blog-pager-older-link a, #blog-pager-newer-link a{
background-color: #666 !important;
border: 1px solid #666;
color: #fff !important;
font-family: 'Droid Serif', arial, serif;
padding: 5px 8px;
}
.home-link{
background-color: #666;
border: 1px solid #666;
color: #fff !important;
font-family: 'Droid Serif', arial, serif;
padding: 5px 8px;
}
#blog-pager-older-link a:hover, .home-link:hover, #blog-pager-newer-link a:hover
{
background-color: #c2b697 !important;
border: 1px solid #c2b697;
color: #fff;
text-decoration: none;
}

.footerlinkscredit{
float:right;
padding-right:20px;
color: #66645c;
font-family: 'Lora', serif;
font-size: 16px;
margin-top:-40px;
font-style: italic;
}


#related-posts img  {
width: 180px!important;
height: 120px!important;
}

#related-posts a  {
width: 180px!important;
}

.rmlink a {
background: #c9bc93;
padding: 8px!important;
color:#111!important; text-decoration:none; 
 }



.rmlink a:hover { background:#111!important; }

.rmlink a:hover { color:#fff!important; text-decoration:none; }


#related-posts h2 {
color: #333;
font-family: 'Oswald', sans-serif;
font-size: 24px;
line-height: 30px;
padding-bottom: 20px;
font-weight: 400;
margin-top: 40px;
margin-bottom: -10px;
margin-left: 5px;
padding-top: 30px;
}

.tweeetero, .fbwolo, .g-plusones, .subadgeaa {
float: left;
border-left: 1px solid #ddd;
padding-left: 18px;
padding-top: 12px;
padding-bottom: 5px;
}

.g-plusones {
margin-left:20px;
}

#mblSocialFloat {
float: left;
border-top: 1px solid #ddd;
border-bottom: 1px solid #ddd;
width: 610px;
margin-bottom: 20px;
margin-left: -10px;
}

.headingsharer h5 {
float: left;
font-style: italic;
padding-right: 20px;
padding-top: 15px;
text-transform: uppercase;
font-weight: bold;
margin: 0px;
padding-left: 10px;
}

.PopularPosts .widget-content ul li {
padding: .7em 0;
border-bottom: 1px solid #ddd;
padding-top: 20px;
}

.postmeta-primary {
margin-bottom: 12px;
font-style: italic;
}

#related-posts {
border-bottom: 1px solid #ddd;
width: 600px;
float: left;
}

.sidebar a {
font-style: italic;
}

.post-body h2 {
border: 0px!important;
font-family: oswald;
font-weight: 400;
font-size: 23px;
}

.post-body h2 {
border: 0px;
font-family: oswald;
font-weight: 400;
font-size: 23px;
line-height: 25px;
padding-bottom:10px;
}

.post-body h3 {
border: 0px;
font-family: oswald;
font-weight: 400;
font-size: 22px;
line-height: 24px;
padding-bottom:10px;
}

.post-body h4 {
border: 0px;
font-family: oswald;
font-weight: 400;
font-size: 21px;
line-height: 23px;
padding-bottom:10px;
}

blockquote {
background: #c9bc93;
color: #111;
padding: 15px;
font-style: italic;
border-left: 10px solid #111;
}


#header-inner img {margin: 0 auto !important;}]]></b:skin>

  
<b:if cond='data:blog.pageType != &quot;static_page&quot;'>
<b:if cond='data:blog.pageType != &quot;item&quot;'>
<style>
.post h2 {
margin-bottom: 20px;
}

.post.hentry {
float: left;
border-bottom: 1px solid #ddd;
padding-bottom: 30px;
margin-bottom: 30px;
}

.rmlink {
margin-top: 15px;
}

</style>
 </b:if></b:if>   

<b:if cond='data:blog.pageType == &quot;item&quot;'>
<style>
.post h2 {
border-top: 1px solid #ddd;
padding-top: 10px;
}

    </style>
</b:if>

    <b:template-skin>
      <b:variable default='960px' name='content.width' type='length' value='1000px'/>
      <b:variable default='0' name='main.column.left.width' type='length' value='0px'/>
      <b:variable default='310px' name='main.column.right.width' type='length' value='340px'/>

      <![CDATA[
      body {
        min-width: $(content.width);
      }

      .content-outer, .content-fauxcolumn-outer, .region-inner {
        min-width: $(content.width);
        max-width: $(content.width);
        _width: $(content.width);
      }

      .main-inner .columns {
        padding-left: $(main.column.left.width);
        padding-right: $(main.column.right.width);
      }

      .main-inner .fauxcolumn-center-outer {
        left: $(main.column.left.width);
        right: $(main.column.right.width);
        /* IE6 does not respect left and right together */
        _width: expression(this.parentNode.offsetWidth -
            parseInt("$(main.column.left.width)") -
            parseInt("$(main.column.right.width)") + 'px');
      }

      .main-inner .fauxcolumn-left-outer {
        width: $(main.column.left.width);
      }

      .main-inner .fauxcolumn-right-outer {
        width: $(main.column.right.width);
      }

      .main-inner .column-left-outer {
        width: $(main.column.left.width);
        right: 100%;
        margin-left: -$(main.column.left.width);
      }

      .main-inner .column-right-outer {
        width: $(main.column.right.width);
        margin-right: -$(main.column.right.width);
      }

      #layout {
        min-width: 0;
      }

      #layout .content-outer {
        min-width: 0;
        width: 800px;
      }

      #layout .region-inner {
        min-width: 0;
        width: auto;
      }
      ]]>
    </b:template-skin>
    <b:include data='blog' name='google-analytics'/>
<script type='text/javascript'>
var thumbnail_mode = &quot;no-float&quot; ; 
summary_noimg = 430;
summary_img = 340;
</script>
<script>
/*<![CDATA[*/
function removeHtmlTag(strx, chop) {
    if (strx.indexOf("<") != -1) {
        var s = strx.split("<");
        for (var i = 0; i < s.length; i++) {
            if (s[i].indexOf(">") != -1) {
                s[i] = s[i].substring(s[i].indexOf(">") + 1, s[i].length);
            }
        }
        strx = s.join("");
    }
    chop = (chop < strx.length - 1) ? chop : strx.length - 2;
    while (strx.charAt(chop - 1) != ' ' && strx.indexOf(' ', chop) != -1) chop++;
    strx = strx.substring(0, chop - 1);
    return strx + '...';
}

function createSummaryAndThumb(pID) {
    var div = document.getElementById(pID);
    var imgtag = "";
    var img = div.getElementsByTagName("img");
    var summ = summary_noimg;
    if (img.length >= 1) {
        imgtag = '<span style="float:left; padding:0px 10px 5px 0px;"><img src="' + img[0].src + '"/></span>';
        summ = summary_img;
    }

    var summary = imgtag + '<div>' + removeHtmlTag(div.innerHTML, summ) + '</div>';
    div.innerHTML = summary;
}
/*]]>*/
    </script>

<script>
$(document).ready(function(){
$(&quot;.gototop&quot;).click(function () {
  
   $(&quot;html, body&quot;).animate({scrollTop: 0}, 1000);
});});</script>
<b:if cond='data:blog.url == data:blog.homepageUrl'>
<style>
.column-center-inner img {
max-width: 600px;
height: auto;
}

  </style>

</b:if>
<b:if cond='data:blog.pageType == &quot;item&quot;'>
<style>
.column-center-inner img{
    width:94%;
}
  </style>

</b:if>
   <script src='http://w.sharethis.com/button/buttons.js' type='text/javascript'/>
<script type='text/javascript'>stLight.options({publisher: &quot;ur-1b20ab37-72e0-d253-bd43-2fe58450f182&quot;, doNotHash: false, doNotCopy: false, hashAddressBar: false});</script> 

<script type='text/javascript'>
var defaultnoimage=&quot;http://1.bp.blogspot.com/-hlS9e9CP-Ks/VpoA26wx-cI/AAAAAAAACyo/sQcfuHuwxWU/s000/no_image.jpg&quot;;
var maxresults=3;
var splittercolor=&quot;#fff&quot;;
var relatedpoststitle=&quot;What&#39;s Related?&quot;;
</script>
<script type='text/javascript'>
//<![CDATA[
var relatedTitles = new Array();
var relatedTitlesNum = 0;
var relatedUrls = new Array();
var thumburl = new Array();
function related_results_labels_thumbs(json) {
for (var i = 0; i < json.feed.entry.length; i++) {
var entry = json.feed.entry[i];
relatedTitles[relatedTitlesNum] = entry.title.$t;
try 
{thumburl[relatedTitlesNum]=entry.media$thumbnail.url;}


catch (error){

s=entry.content.$t;a=s.indexOf("<img");b=s.indexOf("src=\"",a);c=s.indexOf("\"",b+5);d=s.substr(b+5,c-b-5);
if((a!=-1)&&(b!=-1)&&(c!=-1)&&(d!=""))
{thumburl[relatedTitlesNum]=d;} else {if(typeof(defaultnoimage) !== 'undefined') thumburl[relatedTitlesNum]=defaultnoimage; else thumburl[relatedTitlesNum]="http://1.bp.blogspot.com/-hlS9e9CP-Ks/VpoA26wx-cI/AAAAAAAACyo/sQcfuHuwxWU/s000/no_image.jpg";}

}

if(relatedTitles[relatedTitlesNum].length>35) relatedTitles[relatedTitlesNum]=relatedTitles[relatedTitlesNum].substring(0, 35)+"...";
for (var k = 0; k < entry.link.length; k++) {
if (entry.link[k].rel == 'alternate') {
relatedUrls[relatedTitlesNum] = entry.link[k].href;
relatedTitlesNum++;


}
}
}
}
function removeRelatedDuplicates_thumbs() {
var tmp = new Array(0);
var tmp2 = new Array(0);
var tmp3 = new Array(0);
for(var i = 0; i < relatedUrls.length; i++) {
if(!contains_thumbs(tmp, relatedUrls[i])) 
{
tmp.length += 1;
tmp[tmp.length - 1] = relatedUrls[i];
tmp2.length += 1;
tmp3.length += 1;
tmp2[tmp2.length - 1] = relatedTitles[i];
tmp3[tmp3.length - 1] = thumburl[i];
}
}
relatedTitles = tmp2;
relatedUrls = tmp;
thumburl=tmp3;


}

function contains_thumbs(a, e) {
for(var j = 0; j < a.length; j++) if (a[j]==e) return true;
return false;
}


function printRelatedLabels_thumbs(current) {
var splitbarcolor;
if(typeof(splittercolor) !== 'undefined') splitbarcolor=splittercolor; else splitbarcolor="#DDDDDD";
for(var i = 0; i < relatedUrls.length; i++)
{
if((relatedUrls[i]==current)||(!relatedTitles[i]))
{
relatedUrls.splice(i,1);
relatedTitles.splice(i,1);
thumburl.splice(i,1);
i--;
}
}


var r = Math.floor((relatedTitles.length - 1) * Math.random());
var i = 0;

if(relatedTitles.length>0) document.write('<h2>'+relatedpoststitle+'</h2>');
document.write('<div style="clear: both;"/>');
while (i < relatedTitles.length && i < 20 && i<maxresults) {
document.write('<a style="text-decoration:none;padding:5px;float:left;');
if(i!=0) document.write('border-left:solid 0.5px '+splitbarcolor+';"');
else document.write('"');
document.write(' href="' + relatedUrls[r] + '"><img style="width:200px;height:120px;border:0px;" src="'+thumburl[r]+'"/><br/><div style="padding-left:3px;height:65px;border: 0pt none ; margin: 3px 0pt 0pt; padding: 0pt; font-style: normal; font-variant: normal; font-weight: normal; font-size: 12px; line-height: normal; font-size-adjust: none; font-stretch: normal;">'+relatedTitles[r]+'</div></a>');

i++;


if (r < relatedTitles.length - 1) {
r++;
} else {
r = 0;
}

}
document.write('</div>');

relatedUrls.splice(0,relatedUrls.length);
thumburl.splice(0,thumburl.length);
relatedTitles.splice(0,relatedTitles.length);

}
//]]>
</script>


  <script type='text/javascript'>
/*<![CDATA[*/
 // Twitter
 (function(a,b,c){var d=a.getElementsByTagName(b)[0];if(!a.getElementById(c)){a=a.createElement(b);a.id=c;a.src="//platform.twitter.com/widgets.js";d.parentNode.insertBefore(a,d)}})(document,"script","twitter-wjs");
 // Stumbleupon
 (function(){var a=document.createElement("script");a.type="text/javascript";a.async=true;a.src="https://platform.stumbleupon.com/1/widgets.js";var b=document.getElementsByTagName("script")[0];b.parentNode.insertBefore(a,b)})();
/*]]>*/
</script>  
</head>

  <body expr:class='&quot;loading&quot; + data:blog.mobileClass'>
<div id='nav'><div class='wrap'>



            <!-- Pages-based menu added by BTemplates.com -->
            <div id='menu'>
            <!-- Pages -->
            <b:section id='pagesmenuwidget' maxwidgets='1' showaddelement='no'>
              <b:widget id='PageList9' locked='false' title='Pages - Menu' type='PageList'>
                <b:includable id='main'>
              <b:if cond='data:title'><!--<h2><data:title/></h2>--></b:if>

                <ul>
                  <b:loop values='data:links' var='link'>
                    <b:if cond='data:link.isCurrentPage'>
                      <li><a expr:href='data:link.href'><data:link.title/></a></li>
                    <b:else/>
                      <li><a expr:href='data:link.href'><data:link.title/></a></li>
                    </b:if>
                  </b:loop>
                </ul>

            </b:includable>
              </b:widget>
            </b:section>
            <!-- /Pages -->
            </div>

</div></div>

  <b:if cond='data:blog.pageType == &quot;index&quot;'>
    <div itemscope='itemscope' itemtype='http://schema.org/Blog' style='display: none;'>
      <meta expr:content='data:blog.title' itemprop='name'/>
      <b:if cond='data:blog.metaDescription'>
        <meta expr:content='data:blog.metaDescription' itemprop='description'/>
      </b:if>
    </div>
  </b:if>

  <div class='body-fauxcolumns'>
    <div class='fauxcolumn-outer body-fauxcolumn-outer'>
    <div class='cap-top'>
      <div class='cap-left'/>
      <div class='cap-right'/>
    </div>
    <div class='fauxborder-left'>
    <div class='fauxborder-right'/>
    <div class='fauxcolumn-inner'>
    </div>
    </div>
    <div class='cap-bottom'>
      <div class='cap-left'/>
      <div class='cap-right'/>
    </div>
    </div>
  </div>

  <div class='content'>
  <div class='content-fauxcolumns'>
    <div class='fauxcolumn-outer content-fauxcolumn-outer'>
    <div class='cap-top'>
      <div class='cap-left'/>
      <div class='cap-right'/>
    </div>
    <div class='fauxborder-left'>
    <div class='fauxborder-right'/>
    <div class='fauxcolumn-inner'>
    </div>
    </div>
    <div class='cap-bottom'>
      <div class='cap-left'/>
      <div class='cap-right'/>
    </div>
    </div>
  </div>

  <div class='content-outer'>
  <div class='content-cap-top cap-top'>
    <div class='cap-left'/>
    <div class='cap-right'/>
  </div>
  <div class='fauxborder-left content-fauxborder-left'>
  <div class='fauxborder-right content-fauxborder-right'/>
  <div class='content-inner'>

    <header>
    <div class='header-outer'>
    <div class='header-cap-top cap-top'>
      <div class='cap-left'/>
      <div class='cap-right'/>
    </div>
    <div class='fauxborder-left header-fauxborder-left'>
    <div class='fauxborder-right header-fauxborder-right'/>
    <div class='region-inner header-inner'>
      <b:section class='header' id='header' maxwidgets='1' showaddelement='no'>
        <b:widget id='Header1' locked='true' title='Fabric (Header)' type='Header'>
          <b:includable id='main'>

  <b:if cond='data:useImage'>
    <b:if cond='data:imagePlacement == &quot;BEHIND&quot;'>
      <!--
      Show image as background to text. You can't really calculate the width
      reliably in JS because margins are not taken into account by any of
      clientWidth, offsetWidth or scrollWidth, so we don't force a minimum
      width if the user is using shrink to fit.
      This results in a margin-width's worth of pixels being cropped. If the
      user is not using shrink to fit then we expand the header.
      -->
      <b:if cond='data:mobile'>
          <div id='header-inner'>
            <div class='titlewrapper' style='background: transparent'>
              <h1 class='title' style='background: transparent; border-width: 0px'>
                <b:include name='title'/>
              </h1>
            </div>
            <b:include name='description'/>
          </div>
        <b:else/>
          <div expr:style='&quot;background-image: url(\&quot;&quot; + data:sourceUrl + &quot;\&quot;); &quot;                        + &quot;background-position: &quot;                        + data:backgroundPositionStyleStr + &quot;; &quot;                        + data:widthStyleStr                        + &quot;min-height: &quot; + data:height                        + &quot;_height: &quot; + data:height                        + &quot;background-repeat: no-repeat; &quot;' id='header-inner'>
            <div class='titlewrapper' style='background: transparent'>
              <h1 class='title' style='background: transparent; border-width: 0px'>
                <b:include name='title'/>
              </h1>
            </div>
            <b:include name='description'/>
          </div>
        </b:if>
    <b:else/>
      <!--Show the image only-->
      <div id='header-inner'>
        <a expr:href='data:blog.homepageUrl' style='display: block'>
          <img expr:alt='data:title' expr:height='data:height' expr:id='data:widget.instanceId + &quot;_headerimg&quot;' expr:src='data:sourceUrl' expr:width='data:width' style='display: block'/>
        </a>
        <!--Show the description-->
        <b:if cond='data:imagePlacement == &quot;BEFORE_DESCRIPTION&quot;'>
          <b:include name='description'/>
        </b:if>
      </div>
    </b:if>
  <b:else/>
    <!--No header image -->
    <div id='header-inner'>
      <div class='titlewrapper'>
        <h1 class='title'>
          <b:include name='title'/>
        </h1>
      </div>
      <b:include name='description'/>
    </div>
  </b:if>
</b:includable>
          <b:includable id='description'>
  <div class='descriptionwrapper'>
    <p class='description'><span><data:description/></span></p>
  </div>
</b:includable>
          <b:includable id='title'>
  <b:if cond='data:blog.url == data:blog.homepageUrl'>
    <data:title/>
  <b:else/>
    <a expr:href='data:blog.homepageUrl'><data:title/></a>
  </b:if>
</b:includable>
        </b:widget>
      </b:section>
    </div>
    </div>
    <div class='header-cap-bottom cap-bottom'>
      <div class='cap-left'/>
      <div class='cap-right'/>
    </div>
    </div>
    </header>


    <div class='tabs-outer'>
    <div class='tabs-cap-top cap-top'>
      <div class='cap-left'/>
      <div class='cap-right'/>
    </div>
    <div class='fauxborder-left tabs-fauxborder-left'>
    <div class='fauxborder-right tabs-fauxborder-right'/>
    <div class='region-inner tabs-inner'>
      <b:section class='tabs' id='crosscol' maxwidgets='1' showaddelement='yes'/>
      <b:section class='tabs' id='crosscol-overflow' showaddelement='no'/>
    </div>
    </div>
    <div class='tabs-cap-bottom cap-bottom'>
      <div class='cap-left'/>
      <div class='cap-right'/>
    </div>
    </div>
<div id='inner-top'>
 
    </div>

    <div class='main-outer'>
  
    <div class='main-cap-top cap-top'>
      <div class='cap-left'/>
      <div class='cap-right'/>
    </div>

    <div class='fauxborder-left main-fauxborder-left'>
    <div class='fauxborder-right main-fauxborder-right'/>
    <div class='region-inner main-inner'>

      <div class='columns fauxcolumns'>

        <div class='fauxcolumn-outer fauxcolumn-center-outer'>
        <div class='cap-top'>
          <div class='cap-left'/>
          <div class='cap-right'/>
        </div>
        <div class='fauxborder-left'>
        <div class='fauxborder-right'/>
        <div class='fauxcolumn-inner'>
        </div>
        </div>
        <div class='cap-bottom'>
          <div class='cap-left'/>
          <div class='cap-right'/>
        </div>
        </div>

        <div class='fauxcolumn-outer fauxcolumn-left-outer'>
        <div class='cap-top'>
          <div class='cap-left'/>
          <div class='cap-right'/>
        </div>
        <div class='fauxborder-left'>
        <div class='fauxborder-right'/>
        <div class='fauxcolumn-inner'>
        </div>
        </div>
        <div class='cap-bottom'>
          <div class='cap-left'/>
          <div class='cap-right'/>
        </div>
        </div>

        <div class='fauxcolumn-outer fauxcolumn-right-outer'>
        <div class='cap-top'>
          <div class='cap-left'/>
          <div class='cap-right'/>
        </div>
        <div class='fauxborder-left'>
        <div class='fauxborder-right'/>
        <div class='fauxcolumn-inner'>
        </div>
        </div>
        <div class='cap-bottom'>
          <div class='cap-left'/>
          <div class='cap-right'/>
        </div>
        </div>

        <!-- corrects IE6 width calculation -->
        <div class='columns-inner'>

        <div class='column-center-outer'>
        <div class='column-center-inner'>
          <b:section class='main' id='main' showaddelement='no'>
            <b:widget id='Blog1' locked='true' title='Blog Posts' type='Blog'>
              <b:includable id='main' var='top'>
  <b:if cond='data:mobile == &quot;false&quot;'>

    <!-- posts -->
    <div class='blog-posts hfeed'>

      <b:include data='top' name='status-message'/>

      <data:defaultAdStart/>
      <b:loop values='data:posts' var='post'>
        <b:if cond='data:post.isDateStart'>
          <b:if cond='data:post.isFirstPost == &quot;false&quot;'>
            &lt;/div&gt;&lt;/div&gt;
          </b:if>
        </b:if>
        <b:if cond='data:post.isDateStart'>
          &lt;div class=&quot;date-outer&quot;&gt;
        </b:if>
        <b:if cond='data:post.dateHeader'>
          <h2 class='date-header'><span><data:post.dateHeader/></span></h2>
        </b:if>
        <b:if cond='data:post.isDateStart'>
          &lt;div class=&quot;date-posts&quot;&gt;
        </b:if>
        <div class='post-outer'>
        <b:include data='post' name='post'/>
        <b:if cond='data:blog.pageType == &quot;static_page&quot;'>
          <b:include data='post' name='comment_picker'/>
        </b:if>
        <b:if cond='data:blog.pageType == &quot;item&quot;'>
          <b:include data='post' name='comment_picker'/>
        </b:if>
        </div>
        <b:if cond='data:post.includeAd'>
          <b:if cond='data:post.isFirstPost'>
            <data:defaultAdEnd/>
          <b:else/>
            <data:adEnd/>
          </b:if>
          <div class='inline-ad'>
            <data:adCode/>
          </div>
          <data:adStart/>
        </b:if>
      </b:loop>
      <b:if cond='data:numPosts != 0'>
        &lt;/div&gt;&lt;/div&gt;
      </b:if>
      <data:adEnd/>
    </div>

    <!-- navigation -->
 <b:if cond='data:blog.pageType == &quot;index&quot;'>
<b:include name='page-navi'/>
<b:else/>
<b:if cond='data:blog.pageType == &quot;archive&quot;'>
<b:include name='page-navi'/>
</b:if>
<b:else/>
<b:if cond='data:blog.pageType == &quot;item&quot;'>
<b:include name='nextprev'/>
</b:if>
</b:if>

    <!-- feed links -->
    <b:include name='feedLinks'/>

    <b:if cond='data:top.showStars'>
      <script src='//www.google.com/jsapi' type='text/javascript'/>
      <script type='text/javascript'>
        google.load(&quot;annotations&quot;, &quot;1&quot;, {&quot;locale&quot;: &quot;<data:top.languageCode/>&quot;});
        function initialize() {
          google.annotations.setApplicationId(<data:top.blogspotReviews/>);
          google.annotations.createAll();
          google.annotations.fetch();
        }
        google.setOnLoadCallback(initialize);
      </script>
    </b:if>

  <b:else/>
    <b:include name='mobile-main'/>
  </b:if>

  <b:if cond='data:top.showDummy'>
    <data:top.dummyBootstrap/>
  </b:if>

</b:includable>
              <b:includable id='backlinkDeleteIcon' var='backlink'>
  <span expr:class='&quot;item-control &quot; + data:backlink.adminClass'>
    <a expr:href='data:backlink.deleteUrl' expr:title='data:top.deleteBacklinkMsg'>
      <img src='//www.blogger.com/img/icon_delete13.gif'/>
    </a>
  </span>
</b:includable>
              <b:includable id='backlinks' var='post'>
  <a name='links'/><h4><data:post.backlinksLabel/></h4>
  <b:if cond='data:post.numBacklinks != 0'>
    <dl class='comments-block' id='comments-block'>
      <b:loop values='data:post.backlinks' var='backlink'>
        <div class='collapsed-backlink backlink-control'>
          <dt class='comment-title'>
            <span class='backlink-toggle-zippy'>&#160;</span>
            <a expr:href='data:backlink.url' rel='nofollow'><data:backlink.title/></a>
            <b:include data='backlink' name='backlinkDeleteIcon'/>
          </dt>
          <dd class='comment-body collapseable'>
            <data:backlink.snippet/>
          </dd>
          <dd class='comment-footer collapseable'>
            <span class='comment-author'><data:post.authorLabel/> <data:backlink.author/></span>
            <span class='comment-timestamp'><data:post.timestampLabel/> <data:backlink.timestamp/></span>
          </dd>
        </div>
      </b:loop>
    </dl>
  </b:if>
  <p class='comment-footer'>
    <a class='comment-link' expr:href='data:post.createLinkUrl' expr:id='data:widget.instanceId + &quot;_backlinks-create-link&quot;' target='_blank'><data:post.createLinkLabel/></a>
  </p>
</b:includable>
              <b:includable id='comment-form' var='post'>
  <div class='comment-form'>
    <a name='comment-form'/>
    <b:if cond='data:mobile'>
      <h4 id='comment-post-message'>
        <a expr:id='data:widget.instanceId + &quot;_comment-editor-toggle-link&quot;' href='javascript:void(0)'><data:postCommentMsg/></a></h4>
      <p><data:blogCommentMessage/></p>
      <data:blogTeamBlogMessage/>
      <a expr:href='data:post.commentFormIframeSrc' id='comment-editor-src'/>
      <iframe allowtransparency='true' class='blogger-iframe-colorize blogger-comment-from-post' frameborder='0' height='410' id='comment-editor' name='comment-editor' src='' style='display: none' width='100%'/>
    <b:else/>
      <h4 id='comment-post-message'><data:postCommentMsg/></h4>
      <p><data:blogCommentMessage/></p>
      <data:blogTeamBlogMessage/>
      <a expr:href='data:post.commentFormIframeSrc' id='comment-editor-src'/>
      <iframe allowtransparency='true' class='blogger-iframe-colorize blogger-comment-from-post' frameborder='0' height='410' id='comment-editor' name='comment-editor' src='' width='100%'/>
    </b:if>
    <data:post.friendConnectJs/>
    <data:post.cmtfpIframe/>
    <script type='text/javascript'>
      BLOG_CMT_createIframe(&#39;<data:post.appRpcRelayPath/>&#39;, &#39;<data:post.communityId/>&#39;);
    </script>
  </div>
</b:includable>
              <b:includable id='commentDeleteIcon' var='comment'>
  <span expr:class='&quot;item-control &quot; + data:comment.adminClass'>
    <b:if cond='data:showCmtPopup'>
      <div class='goog-toggle-button'>
        <div class='goog-inline-block comment-action-icon'/>
      </div>
    <b:else/>
      <a class='comment-delete' expr:href='data:comment.deleteUrl' expr:title='data:top.deleteCommentMsg'>
        <img src='//www.blogger.com/img/icon_delete13.gif'/>
      </a>
    </b:if>
  </span>
</b:includable>
              <b:includable id='comment_count_picker' var='post'>
  <b:if cond='data:post.commentSource == 1'>
    <span class='cmt_count_iframe_holder' expr:data-count='data:post.numComments' expr:data-onclick='data:post.addCommentOnclick' expr:data-post-url='data:post.url' expr:data-url='data:post.canonicalUrl'>
    </span>
  <b:else/>
    <a class='comment-link' expr:href='data:post.addCommentUrl' expr:onclick='data:post.addCommentOnclick'>
      <data:post.commentLabelFull/>:
    </a>
  </b:if>
</b:includable>
              <b:includable id='comment_picker' var='post'>
  <b:if cond='data:post.commentSource == 1'>
    <b:include data='post' name='iframe_comments'/>
  <b:else/>
    <b:if cond='data:post.showThreadedComments'>
      <b:include data='post' name='threaded_comments'/>
    <b:else/>
      <b:include data='post' name='comments'/>
    </b:if>
  </b:if>
</b:includable>
              <b:includable id='comments' var='post'>
  <div class='comments' id='comments'>
    <a name='comments'/>
    <b:if cond='data:post.allowComments'>
      <h4><data:post.commentLabelFull/>:</h4>

      <b:if cond='data:post.commentPagingRequired'>
        <span class='paging-control-container'>
          <b:if cond='data:post.hasOlderLinks'>
            <a expr:class='data:post.oldLinkClass' expr:href='data:post.oldestLinkUrl'><data:post.oldestLinkText/></a>
              &#160;
            <a expr:class='data:post.oldLinkClass' expr:href='data:post.olderLinkUrl'><data:post.olderLinkText/></a>
              &#160;
          </b:if>

          <data:post.commentRangeText/>

          <b:if cond='data:post.hasNewerLinks'>
            &#160;
            <a expr:class='data:post.newLinkClass' expr:href='data:post.newerLinkUrl'><data:post.newerLinkText/></a>
            &#160;
            <a expr:class='data:post.newLinkClass' expr:href='data:post.newestLinkUrl'><data:post.newestLinkText/></a>
          </b:if>
        </span>
      </b:if>

      <div expr:id='data:widget.instanceId + &quot;_comments-block-wrapper&quot;'>
        <dl expr:class='data:post.avatarIndentClass' id='comments-block'>
          <b:loop values='data:post.comments' var='comment'>
            <dt expr:class='&quot;comment-author &quot; + data:comment.authorClass' expr:id='data:comment.anchorName'>
              <b:if cond='data:comment.favicon'>
                <img expr:src='data:comment.favicon' height='16px' style='margin-bottom:-2px;' width='16px'/>
              </b:if>
              <a expr:name='data:comment.anchorName'/>
              <b:if cond='data:blog.enabledCommentProfileImages'>
                <data:comment.authorAvatarImage/>
              </b:if>
              <b:if cond='data:comment.authorUrl'>
                <a expr:href='data:comment.authorUrl' rel='nofollow'><data:comment.author/></a>
              <b:else/>
                <data:comment.author/>
              </b:if>
              <data:commentPostedByMsg/>
            </dt>
            <dd class='comment-body' expr:id='data:widget.instanceId + data:comment.cmtBodyIdPostfix'>
              <b:if cond='data:comment.isDeleted'>
                <span class='deleted-comment'><data:comment.body/></span>
              <b:else/>
                <p>
                  <data:comment.body/>
                </p>
              </b:if>
            </dd>
            <dd class='comment-footer'>
              <span class='comment-timestamp'>
                <a expr:href='data:comment.url' title='comment permalink'>
                  <data:comment.timestamp/>
                </a>
                <b:include data='comment' name='commentDeleteIcon'/>
              </span>
            </dd>
          </b:loop>
        </dl>
      </div>

      <b:if cond='data:post.commentPagingRequired'>
        <span class='paging-control-container'>
          <a expr:class='data:post.oldLinkClass' expr:href='data:post.oldestLinkUrl'>
            <data:post.oldestLinkText/>
          </a>
          <a expr:class='data:post.oldLinkClass' expr:href='data:post.olderLinkUrl'>
            <data:post.olderLinkText/>
          </a>
          &#160;
          <data:post.commentRangeText/>
          &#160;
          <a expr:class='data:post.newLinkClass' expr:href='data:post.newerLinkUrl'>
            <data:post.newerLinkText/>
          </a>
          <a expr:class='data:post.newLinkClass' expr:href='data:post.newestLinkUrl'>
            <data:post.newestLinkText/>
          </a>
        </span>
      </b:if>

      <p class='comment-footer'>
        <b:if cond='data:post.embedCommentForm'>
          <b:if cond='data:post.allowNewComments'>
            <b:include data='post' name='comment-form'/>
          <b:else/>
            <data:post.noNewCommentsText/>
          </b:if>
        <b:else/>
          <b:if cond='data:post.allowComments'>
            <a expr:href='data:post.addCommentUrl' expr:onclick='data:post.addCommentOnclick'><data:postCommentMsg/></a>
          </b:if>
        </b:if>

      </p>
    </b:if>
    <b:if cond='data:showCmtPopup'>
      <div id='comment-popup'>
        <iframe allowtransparency='true' frameborder='0' id='comment-actions' name='comment-actions' scrolling='no'>
        </iframe>
      </div>
    </b:if>

    <div id='backlinks-container'>
    <div expr:id='data:widget.instanceId + &quot;_backlinks-container&quot;'>
       <b:if cond='data:post.showBacklinks'>
         <b:include data='post' name='backlinks'/>
       </b:if>
    </div>
    </div>
  </div>
</b:includable>
              <b:includable id='feedLinks'>
  <b:if cond='data:blog.pageType != &quot;item&quot;'> <!-- Blog feed links -->
    <b:if cond='data:feedLinks'>
      <div class='blog-feeds'>
        <b:include data='feedLinks' name='feedLinksBody'/>
      </div>
    </b:if>

    <b:else/> <!--Post feed links -->
    <div class='post-feeds'>
      <b:loop values='data:posts' var='post'>
        <b:if cond='data:post.allowComments'>
          <b:if cond='data:post.feedLinks'>
            <b:include data='post.feedLinks' name='feedLinksBody'/>
          </b:if>
        </b:if>
      </b:loop>
    </div>
  </b:if>
</b:includable>
              <b:includable id='feedLinksBody' var='links'>
  <div class='feed-links'>
  <data:feedLinksMsg/>
  <b:loop values='data:links' var='f'>
     <a class='feed-link' expr:href='data:f.url' expr:type='data:f.mimeType' target='_blank'><data:f.name/> (<data:f.feedType/>)</a>
  </b:loop>
  </div>
</b:includable>
              <b:includable id='iframe_comments' var='post'>

  <b:if cond='data:post.allowIframeComments'>
    <script expr:src='data:post.iframeCommentSrc' type='text/javascript'/>
    <div class='cmt_iframe_holder' expr:data-href='data:post.canonicalUrl' expr:data-viewtype='data:post.viewType'/>

    <b:if cond='data:post.embedCommentForm == &quot;false&quot;'>
      <a expr:href='data:post.addCommentUrl' expr:onclick='data:post.addCommentOnclick'><data:postCommentMsg/></a>
    </b:if>
  </b:if>
</b:includable>
              <b:includable id='mobile-index-post' var='post'>
  <div class='mobile-date-outer date-outer'>
    <b:if cond='data:post.dateHeader'>
      <div class='date-header'>
        <span><data:post.dateHeader/></span>
      </div>
    </b:if>

    <div class='mobile-post-outer'>
      <a expr:href='data:post.url'>
        <h2 class='mobile-index-title entry-title' itemprop='name'>
          <data:post.title/>
        </h2>

        <div class='mobile-index-arrow'>&amp;rsaquo;</div>

        <div class='mobile-index-contents'>
          <b:if cond='data:post.thumbnailUrl'>
            <div class='mobile-index-thumbnail'>
              <div class='Image'>
                <img expr:src='data:post.thumbnailUrl'/>
              </div>
            </div>
          </b:if>

          <div class='post-body'>
            <b:if cond='data:post.snippet'><data:post.snippet/></b:if>
          </div>
        </div>

        <div style='clear: both;'/>
      </a>

      <div class='mobile-index-comment'>
        <b:if cond='data:blog.pageType != &quot;static_page&quot;'>
          <b:if cond='data:post.allowComments'>
            <b:if cond='data:post.numComments != 0'>
              <b:include data='post' name='comment_count_picker'/>
            </b:if>
          </b:if>
        </b:if>
      </div>
    </div>
  </div>
</b:includable>
              <b:includable id='mobile-main' var='top'>
    <!-- posts -->
    <div class='blog-posts hfeed'>

      <b:include data='top' name='status-message'/>

      <b:if cond='data:blog.pageType == &quot;index&quot;'>
        <b:loop values='data:posts' var='post'>
          <b:include data='post' name='mobile-index-post'/>
        </b:loop>
      <b:else/>
        <b:loop values='data:posts' var='post'>
          <b:include data='post' name='mobile-post'/>
        </b:loop>
      </b:if>
    </div>

   <b:include name='mobile-nextprev'/>
</b:includable>
              <b:includable id='mobile-nextprev'>
  <div class='blog-pager' id='blog-pager'>
    <b:if cond='data:newerPageUrl'>
      <div class='mobile-link-button' id='blog-pager-newer-link'>
      <a class='blog-pager-newer-link' expr:href='data:newerPageUrl' expr:id='data:widget.instanceId + &quot;_blog-pager-newer-link&quot;' expr:title='data:newerPageTitle'>&amp;lsaquo;</a>
      </div>
    </b:if>

    <b:if cond='data:olderPageUrl'>
      <div class='mobile-link-button' id='blog-pager-older-link'>
      <a class='blog-pager-older-link' expr:href='data:olderPageUrl' expr:id='data:widget.instanceId + &quot;_blog-pager-older-link&quot;' expr:title='data:olderPageTitle'>&amp;rsaquo;</a>
      </div>
    </b:if>

    <div class='mobile-link-button' id='blog-pager-home-link'>
    <a class='home-link' expr:href='data:blog.homepageUrl'><data:homeMsg/></a>
    </div>

    <div class='mobile-desktop-link'>
      <a class='home-link' expr:href='data:desktopLinkUrl'><data:desktopLinkMsg/></a>
    </div>

  </div>
  <div class='clear'/>
</b:includable>
              <b:includable id='mobile-post' var='post'>
  <div class='date-outer'>
    <b:if cond='data:post.dateHeader'>
      <h2 class='date-header'><span><data:post.dateHeader/></span></h2>
    </b:if>
    <div class='date-posts'>
      <div class='post-outer'>

        <div class='post hentry uncustomized-post-template' itemscope='itemscope' itemtype='http://schema.org/BlogPosting'>
          <b:if cond='data:post.thumbnailUrl'>
            <meta expr:content='data:post.thumbnailUrl' itemprop='image_url'/>
          </b:if>
          <meta expr:content='data:blog.blogId' itemprop='blogId'/>
          <meta expr:content='data:post.id' itemprop='postId'/>

          <a expr:name='data:post.id'/>
          <b:if cond='data:post.title'>
            <h2 class='post-title entry-title' itemprop='name'>
              <b:if cond='data:post.link'>
                <a expr:href='data:post.link'><data:post.title/></a>
              <b:else/>
                <b:if cond='data:post.url'>
                  <b:if cond='data:blog.url != data:post.url'>
                    <a expr:href='data:post.url'><data:post.title/></a>
                  <b:else/>
                    <data:post.title/>
                  </b:if>
                <b:else/>
                  <data:post.title/>
                </b:if>
              </b:if>
            </h2>
          </b:if>

          <div class='post-header'>
            <div class='post-header-line-1'/>
          </div>

          <div class='post-body entry-content' expr:id='&quot;post-body-&quot; + data:post.id' itemprop='articleBody'>
          <b:if cond='data:blog.pageType == &quot;item&quot;'>
<data:post.body/>
<b:else/>
<b:if cond='data:blog.pageType == &quot;static_page&quot;'>
<data:post.body/>
<b:else/>
<div expr:id='&quot;summary&quot; + data:post.id'>
<data:post.body/>
</div>
<script type='text/javascript'>
createSummaryAndThumb(&quot;summary<data:post.id/>&quot;);
</script>
<div style='clear: both;'/>
<span class='rmlink' style='font-weight:bold;padding:5px;float:right;text-align:right;'><a expr:href='data:post.url'>[Continue reading...]</a></span>
</b:if>
</b:if>

<b:if cond='data:blog.pageType == &quot;item&quot;'>
<div id='related-posts'>
<b:loop values='data:post.labels' var='label'>
<b:if cond='data:label.isLast != &quot;true&quot;'>
</b:if>
<script expr:src='&quot;/feeds/posts/default/-/&quot; + data:label.name + &quot;?alt=json-in-script&amp;callback=related_results_labels_thumbs&amp;max-results=6&quot;' type='text/javascript'/></b:loop>
<script type='text/javascript'>
removeRelatedDuplicates_thumbs();
printRelatedLabels_thumbs(&quot;<data:post.url/>&quot;);
</script>
</div></b:if>

            <div style='clear: both;'/> <!-- clear for photos floats -->
          </div>

          <div class='post-footer'>
            <div class='post-footer-line post-footer-line-1'>
              <span class='post-author vcard'>
                <b:if cond='data:top.showAuthor'>
                  <b:if cond='data:post.authorProfileUrl'>
                    <span class='fn' itemprop='author' itemscope='itemscope' itemtype='http://schema.org/Person'>
                      <meta expr:content='data:post.authorProfileUrl' itemprop='url'/>
                      <a expr:href='data:post.authorProfileUrl' rel='author' title='author profile'>
                        <span itemprop='name'><data:post.author/></span>
                      </a>
                    </span>
                  <b:else/>
                    <span class='fn' itemprop='author' itemscope='itemscope' itemtype='http://schema.org/Person'>
                      <span itemprop='name'><data:post.author/></span>
                    </span>
                  </b:if>
                </b:if>
              </span>

              <span class='post-timestamp'>
                <b:if cond='data:top.showTimestamp'>
                  <data:top.timestampLabel/>
                  <b:if cond='data:post.url'>
                    <meta expr:content='data:post.canonicalUrl' itemprop='url'/>
                    <a class='timestamp-link' expr:href='data:post.url' rel='bookmark' title='permanent link'><abbr class='published' expr:title='data:post.timestampISO8601' itemprop='datePublished'><data:post.timestamp/></abbr></a>
                  </b:if>
                </b:if>
              </span>

              <span class='post-comment-link'>
                <b:if cond='data:blog.pageType != &quot;item&quot;'>
                  <b:if cond='data:blog.pageType != &quot;static_page&quot;'>
                    <b:if cond='data:post.allowComments'>
                      <b:include data='post' name='comment_count_picker'/>
                    </b:if>
                  </b:if>
                </b:if>
              </span>
            </div>

            <div class='post-footer-line post-footer-line-2'>
              <b:if cond='data:top.showMobileShare'>
                <div class='mobile-link-button goog-inline-block' id='mobile-share-button'>
                  <a href='javascript:void(0);'><data:shareMsg/></a>
                </div>
              </b:if>
              <b:if cond='data:top.showDummy'>
                <div class='goog-inline-block dummy-container'><data:post.dummyTag/></div>
              </b:if>
            </div>

          </div>
        </div>

        <b:if cond='data:blog.pageType == &quot;static_page&quot;'>
          <b:include data='post' name='comment_picker'/>
        </b:if>
        <b:if cond='data:blog.pageType == &quot;item&quot;'>
          <b:include data='post' name='comment_picker'/>
        </b:if>
      </div>
    </div>
  </div>
</b:includable>
              <b:includable id='nextprev'>
  <div class='blog-pager' id='blog-pager'>
    <b:if cond='data:newerPageUrl'>
      <span id='blog-pager-newer-link'>
      <a class='blog-pager-newer-link' expr:href='data:newerPageUrl' expr:id='data:widget.instanceId + &quot;_blog-pager-newer-link&quot;' expr:title='data:newerPageTitle'><data:newerPageTitle/></a>
      </span>
    </b:if>

    <b:if cond='data:olderPageUrl'>
      <span id='blog-pager-older-link'>
      <a class='blog-pager-older-link' expr:href='data:olderPageUrl' expr:id='data:widget.instanceId + &quot;_blog-pager-older-link&quot;' expr:title='data:olderPageTitle'><data:olderPageTitle/></a>
      </span>
    </b:if>

    <a class='home-link' expr:href='data:blog.homepageUrl'><data:homeMsg/></a>

    <b:if cond='data:mobileLinkUrl'>
      <div class='blog-mobile-link'>
        <a expr:href='data:mobileLinkUrl'><data:mobileLinkMsg/></a>
      </div>
    </b:if>

  </div>
  <div class='clear'/>
</b:includable>
              <b:includable id='page-navi'>
<div class='pagenavi'>
<script type='text/javascript'>
var pageNaviConf = {
perPage: 7,numPages: 5,firstText: &quot;First&quot;,
lastText: &quot;Last&quot;,
nextText: &quot;&#187;&quot;,
prevText: &quot;&#171;&quot;
}
</script>
<script type='text/javascript'>
//<![CDATA[
/*

 * Awesome Blogger Page Navigation by Onlinetrick *
 * Rev 248 on May 7, 2010 *
 * Source at http://code.google.com/p/rilwis/source/browse/trunk/blogger *

*/


function pageNavi(o){
	var m=location.href,
		l=m.indexOf("/search/label/")!=-1,
		a=l?m.substr(m.indexOf("/search/label/")+14,m.length):"";
		
	a=a.indexOf("?")!=-1?a.substr(0,a.indexOf("?")):a;
	
	var g=l?"/search/label/"+a+"?updated-max=":"/search?updated-max=",
		k=o.feed.entry.length,
		e=Math.ceil(k/pageNaviConf.perPage);
	
	if(e<=1){
		return
	}
	var n=1,
		h=[""];
	l?h.push("/search/label/"+a+"?max-results="+pageNaviConf.perPage):h.push("/?max-results="+pageNaviConf.perPage);
	
	for(var d=2;d<=e;d++){
		var c=(d-1)*pageNaviConf.perPage-1,
			b=o.feed.entry[c].published.$t,
			f=b.substring(0,19)+b.substring(23,29);
			
		f=encodeURIComponent(f);
		
		if(m.indexOf(f)!=-1){
			n=d
		}
		
		h.push(g+f+"&max-results="+pageNaviConf.perPage)
	}
	
	pageNavi.show(h,n,e)
}

pageNavi.show=function(f,e,a){
	var d=Math.floor((pageNaviConf.numPages-1)/2),
		g=pageNaviConf.numPages-1-d,
		c=e-d;
	if(c<=0){
		c=1
	}
	endPage=e+g;
	if((endPage-c)<pageNaviConf.numPages){
		endPage=c+pageNaviConf.numPages-1
	}
	if(endPage>a){
		endPage=a;
		c=a-pageNaviConf.numPages+1
	}
	if(c<=0){
		c=1
	}
	
	var b='<span class="pages">Page '+e+' of '+a+"</span> ";
	
	if(c>1){
		b+='<a href="'+f[1]+'">'+pageNaviConf.firstText+"</a>"
	}
	if(e>1){
		b+='<a href="'+f[e-1]+'">'+pageNaviConf.prevText+"</a>"
	}
	for(i=c;i<=endPage;++i){
		if(i==e){
			b+='<span class="current">'+i+"</span>"
			}else{
			b+='<a href="'+f[i]+'">'+i+"</a>"
		}
	}
	if(e<a){
		b+='<a href="'+f[e+1]+'">'+pageNaviConf.nextText+"</a>"
	}
	if(endPage<a){
		b+='<a href="'+f[a]+'">'+pageNaviConf.lastText+"</a>"
	}
	
	document.write(b)
};
	
(function(){var b=location.href;if(b.indexOf("?q=")!=-1||b.indexOf(".html")!=-1){return}var d=b.indexOf("/search/label/")+14;if(d!=13){var c=b.indexOf("?"),a=(c==-1)?b.substring(d):b.substring(d,c);document.write('<script type="text/javascript" src="/feeds/posts/summary/-/'+a+'?alt=json-in-script&callback=pageNavi&max-results=99999"><\/script>')}else{document.write('<script type="text/javascript" src="/feeds/posts/summary?alt=json-in-script&callback=pageNavi&max-results=99999"><\/script>')}})();
//]]>
</script>
<div class='clear'/>
</div>
</b:includable>
              <b:includable id='post' var='post'>
  <div class='post hentry' itemprop='blogPost' itemscope='itemscope' itemtype='http://schema.org/BlogPosting'>
    <b:if cond='data:post.firstImageUrl'>
      <meta expr:content='data:post.firstImageUrl' itemprop='image_url'/>
    </b:if>
    <meta expr:content='data:blog.blogId' itemprop='blogId'/>
    <meta expr:content='data:post.id' itemprop='postId'/>

    <a expr:name='data:post.id'/>
    <b:if cond='data:post.title'>
      <h2 class='post-title entry-title' itemprop='name'>
      <b:if cond='data:post.link'>
        <a expr:href='data:post.link'><data:post.title/></a>
      <b:else/>
        <b:if cond='data:post.url'>
          <b:if cond='data:blog.url != data:post.url'>
            <a expr:href='data:post.url'><data:post.title/></a>
          <b:else/>
            <data:post.title/>
          </b:if>
        <b:else/>
          <data:post.title/>
        </b:if>
      </b:if>
      </h2>
    </b:if>

    <div class='post-header'>
    <div class='post-header-line-1'/>
    </div>

    <b:if cond='data:blog.metaDescription == &quot;&quot;'>
      <!-- Then use the post body as the schema.org description,
          for good G+/FB snippeting. -->
      <div class='post-body entry-content' expr:id='&quot;post-body-&quot; + data:post.id' itemprop='description articleBody'>




<b:if cond='data:blog.pageType == &quot;item&quot;'>

<div class='postmeta-primary'>
<span class='author'>By:  <a expr:href='data:post.authorProfileUrl'> <data:post.author/></a> </span>
<span class='meta_date'>on <data:post.timestamp/></span>
</div>


 <div class='mblSocialFloat' id='mblSocialFloat'>
    <div class='headingsharer'><h5>Share it Please</h5></div>
    <div class='tweeetero'> <a class='twitter-share-button' expr:data-text='data:post.title' expr:data-url='data:post.url' href='https://twitter.com/YOUR_USERNAME'>Tweet</a></div>

    <div class='fbwolo'> <iframe allowTransparency='true' expr:src='&quot;//www.facebook.com/plugins/like.php?href=&quot; + data:post.url + &quot;&amp;send=false&amp;layout=button_count&amp;width=80&amp;show_faces=false&amp;action=like&amp;colorscheme=light&amp;font&amp;height=21&quot;' frameborder='0' scrolling='no' style='border:none; overflow:hidden; width:80px; height:21px;'/></div>
  

 <div class='g-plusones'>  <div class='g-plusone' data-size='medium' expr:data-href='data:post.url'/>
</div>
    
    <div class='subadgeaa'>

<script src='http://platform.linkedin.com/in.js' type='text/javascript'/><script data-counter='right' expr:data-url='data:post.url' type='in/share'>
</script>


</div></div></b:if>
 
<b:if cond='data:blog.pageType == &quot;item&quot;'>
<data:post.body/>
<b:else/>
<b:if cond='data:blog.pageType == &quot;static_page&quot;'>
<data:post.body/>
<b:else/>
<div expr:id='&quot;summary&quot; + data:post.id'>
<data:post.body/>
</div>
<script type='text/javascript'>
createSummaryAndThumb(&quot;summary<data:post.id/>&quot;);
</script>
<div style='clear: both;'/>
<span class='rmlink' style='font-weight:bold;padding:5px;float:right;text-align:right;'><a expr:href='data:post.url'>Continue Reading...</a></span>
</b:if>
</b:if>   

<b:if cond='data:blog.pageType == &quot;item&quot;'>
<div id='related-posts'>
<b:loop values='data:post.labels' var='label'>
<b:if cond='data:label.isLast != &quot;true&quot;'>
</b:if>
<script expr:src='&quot;/feeds/posts/default/-/&quot; + data:label.name + &quot;?alt=json-in-script&amp;callback=related_results_labels_thumbs&amp;max-results=6&quot;' type='text/javascript'/></b:loop>
<script type='text/javascript'>
removeRelatedDuplicates_thumbs();
printRelatedLabels_thumbs(&quot;<data:post.url/>&quot;);
</script>
</div></b:if>

  <div style='clear: both;'/> <!-- clear for photos floats -->
      </div>
    <b:else/>
      <div class='post-body entry-content' expr:id='&quot;post-body-&quot; + data:post.id' itemprop='articleBody'>
<b:if cond='data:blog.pageType == &quot;item&quot;'>
<data:post.body/>
<b:else/>
<b:if cond='data:blog.pageType == &quot;static_page&quot;'>
<data:post.body/>
<b:else/>
<div expr:id='&quot;summary&quot; + data:post.id'>
<data:post.body/>
</div>
<script type='text/javascript'>
createSummaryAndThumb(&quot;summary<data:post.id/>&quot;);
</script>
<div style='clear: both;'/>
<span class='rmlink' style='font-weight:bold;padding:5px;float:right;text-align:right;'><a expr:href='data:post.url'>Read More</a></span>
</b:if>
        </b:if> <div style='clear: both;'/> <!-- clear for photos floats -->
      </div>
    </b:if>

    <b:if cond='data:post.hasJumpLink'>
      <div class='jump-link'>
        <a expr:href='data:post.url + &quot;#more&quot;' expr:title='data:post.title'><data:post.jumpText/></a>
      </div>
    </b:if>


    <div class='post-footer'>
    <div class='post-footer-line post-footer-line-1'><span class='post-author vcard'>
        <b:if cond='data:top.showAuthor'>
          <data:top.authorLabel/>
            <b:if cond='data:post.authorProfileUrl'>
              <span class='fn' itemprop='author' itemscope='itemscope' itemtype='http://schema.org/Person'>
                <meta expr:content='data:post.authorProfileUrl' itemprop='url'/>
                <a class='g-profile' expr:href='data:post.authorProfileUrl' rel='author' title='author profile'>
                  <span itemprop='name'><data:post.author/></span>
                </a>
              </span>
            <b:else/>
              <span class='fn' itemprop='author' itemscope='itemscope' itemtype='http://schema.org/Person'>
                <span itemprop='name'><data:post.author/></span>
              </span>
            </b:if>
        </b:if>
      </span> <span class='post-timestamp'>
        <b:if cond='data:top.showTimestamp'>
          <data:top.timestampLabel/>
        <b:if cond='data:post.url'>
          <meta expr:content='data:post.canonicalUrl' itemprop='url'/>
          <a class='timestamp-link' expr:href='data:post.url' rel='bookmark' title='permanent link'><abbr class='published' expr:title='data:post.timestampISO8601' itemprop='datePublished'><data:post.timestamp/></abbr></a>
        </b:if>
        </b:if>
      </span> <span class='post-comment-link'>
        <b:if cond='data:blog.pageType != &quot;item&quot;'>
          <b:if cond='data:blog.pageType != &quot;static_page&quot;'>
            <b:if cond='data:post.allowComments'>
              <b:include data='post' name='comment_count_picker'/>
            </b:if>
          </b:if>
        </b:if>
      </span> <span class='post-icons'>
        <!-- email post links -->
        <b:if cond='data:post.emailPostUrl'>
          <span class='item-action'>
          <a expr:href='data:post.emailPostUrl' expr:title='data:top.emailPostMsg'>
              <img alt='' class='icon-action' height='13' src='http://img1.blogblog.com/img/icon18_email.gif' width='18'/>
          </a>
          </span>
        </b:if>

        <!-- quickedit pencil -->
        <b:include data='post' name='postQuickEdit'/>
      </span> <div class='post-share-buttons goog-inline-block'>
        <b:if cond='data:post.sharePostUrl'>
          <b:include data='post' name='shareButtons'/>
        </b:if>
      </div> </div>

      <div class='post-footer-line post-footer-line-2'><span class='post-labels'>
        <b:if cond='data:post.labels'>
          <data:postLabelsLabel/>
          <b:loop values='data:post.labels' var='label'>
            <a expr:href='data:label.url' rel='tag'><data:label.name/></a><b:if cond='data:label.isLast != &quot;true&quot;'>,</b:if>
          </b:loop>
        </b:if>
      </span> 

<!-- Feature added by BTemplates.com -->
	<b:if cond='data:top.showReactions'>
		<span class='reaction-buttons'>
			<table border='0' cellpadding='0' cellspacing='0' width='100%'><tr>
				<td class='reactions-label-cell' nowrap='nowrap' valign='top' width='1%'>
					<span class='reactions-label'>
					<data:top.reactionsLabel/></span>&#160;</td>
				<td><iframe allowtransparency='true' class='reactions-iframe' expr:src='data:post.reactionsUrl' frameborder='0' name='reactions' scrolling='no'/></td>
			</tr></table>
		</span>
	</b:if>
</div>

      <div class='post-footer-line post-footer-line-3'><span class='post-location'>
        <b:if cond='data:top.showLocation'>
          <b:if cond='data:post.location'>
            <data:postLocationLabel/>
            <a expr:href='data:post.location.mapsUrl' target='_blank'><data:post.location.name/></a>
          </b:if>
        </b:if>
      </span> </div>
      <b:if cond='data:post.authorAboutMe'>
        <div class='author-profile' itemprop='author' itemscope='itemscope' itemtype='http://schema.org/Person'>
          <b:if cond='data:post.authorPhoto.url'>
            <img expr:src='data:post.authorPhoto.url' itemprop='image' width='50px'/>
          </b:if>
          <div>
            <a class='g-profile' expr:href='data:post.authorProfileUrl' itemprop='url' rel='author' title='author profile'>
              <span itemprop='name'><data:post.author/></span>
            </a>
          </div>
          <span itemprop='description'><data:post.authorAboutMe/></span>
        </div>
      </b:if>
    </div>
  </div>
</b:includable>
              <b:includable id='postQuickEdit' var='post'>
  <b:if cond='data:post.editUrl'>
    <span expr:class='&quot;item-control &quot; + data:post.adminClass'>
      <a expr:href='data:post.editUrl' expr:title='data:top.editPostMsg'>
        <img alt='' class='icon-action' height='18' src='http://img2.blogblog.com/img/icon18_edit_allbkg.gif' width='18'/>
      </a>
    </span>
  </b:if>
</b:includable>
              <b:includable id='shareButtons' var='post'>
  <b:if cond='data:top.showEmailButton'><a class='goog-inline-block share-button sb-email' expr:href='data:post.sharePostUrl + &quot;&amp;target=email&quot;' expr:title='data:top.emailThisMsg' target='_blank'><span class='share-button-link-text'><data:top.emailThisMsg/></span></a></b:if><b:if cond='data:top.showBlogThisButton'><a class='goog-inline-block share-button sb-blog' expr:href='data:post.sharePostUrl + &quot;&amp;target=blog&quot;' expr:onclick='&quot;window.open(this.href, \&quot;_blank\&quot;, \&quot;height=270,width=475\&quot;); return false;&quot;' expr:title='data:top.blogThisMsg' target='_blank'><span class='share-button-link-text'><data:top.blogThisMsg/></span></a></b:if><b:if cond='data:top.showTwitterButton'><a class='goog-inline-block share-button sb-twitter' expr:href='data:post.sharePostUrl + &quot;&amp;target=twitter&quot;' expr:title='data:top.shareToTwitterMsg' target='_blank'><span class='share-button-link-text'><data:top.shareToTwitterMsg/></span></a></b:if><b:if cond='data:top.showFacebookButton'><a class='goog-inline-block share-button sb-facebook' expr:href='data:post.sharePostUrl + &quot;&amp;target=facebook&quot;' expr:onclick='&quot;window.open(this.href, \&quot;_blank\&quot;, \&quot;height=430,width=640\&quot;); return false;&quot;' expr:title='data:top.shareToFacebookMsg' target='_blank'><span class='share-button-link-text'><data:top.shareToFacebookMsg/></span></a></b:if><b:if cond='data:top.showOrkutButton'><a class='goog-inline-block share-button sb-orkut' expr:href='data:post.sharePostUrl + &quot;&amp;target=orkut&quot;' expr:title='data:top.shareToOrkutMsg' target='_blank'><span class='share-button-link-text'><data:top.shareToOrkutMsg/></span></a></b:if><b:if cond='data:top.showDummy'><div class='goog-inline-block dummy-container'><data:post.dummyTag/></div></b:if>
</b:includable>
              <b:includable id='status-message'>
  <b:if cond='data:navMessage'>
  <div class='status-msg-wrap'>
    <div class='status-msg-body'>
      <data:navMessage/>
    </div>
    <div class='status-msg-border'>
      <div class='status-msg-bg'>
        <div class='status-msg-hidden'><data:navMessage/></div>
      </div>
    </div>
  </div>
  <div style='clear: both;'/>
  </b:if>
</b:includable>
              <b:includable id='threaded-comment-form' var='post'>
  <div class='comment-form'>
    <a name='comment-form'/>
    <b:if cond='data:mobile'>
      <p><data:blogCommentMessage/></p>
      <data:blogTeamBlogMessage/>
      <a expr:href='data:post.commentFormIframeSrc' id='comment-editor-src'/>
      <iframe allowtransparency='true' class='blogger-iframe-colorize blogger-comment-from-post' frameborder='0' height='410' id='comment-editor' name='comment-editor' src='' style='display: none' width='100%'/>
    <b:else/>
      <p><data:blogCommentMessage/></p>
      <data:blogTeamBlogMessage/>
      <a expr:href='data:post.commentFormIframeSrc' id='comment-editor-src'/>
      <iframe allowtransparency='true' class='blogger-iframe-colorize blogger-comment-from-post' frameborder='0' height='410' id='comment-editor' name='comment-editor' src='' width='100%'/>
    </b:if>
    <data:post.friendConnectJs/>
    <data:post.cmtfpIframe/>
    <script type='text/javascript'>
      BLOG_CMT_createIframe(&#39;<data:post.appRpcRelayPath/>&#39;, &#39;<data:post.communityId/>&#39;);
    </script>
  </div>
</b:includable>
              <b:includable id='threaded_comment_js' var='post'>
  <script async='async' expr:src='data:post.commentSrc' type='text/javascript'/>

  <script type='text/javascript'>
    (function() {
      var items = <data:post.commentJso/>;
      var msgs = <data:post.commentMsgs/>;
      var config = <data:post.commentConfig/>;

// <![CDATA[
      var cursor = null;
      if (items && items.length > 0) {
        cursor = parseInt(items[items.length - 1].timestamp) + 1;
      }

      var bodyFromEntry = function(entry) {
        if (entry.gd$extendedProperty) {
          for (var k in entry.gd$extendedProperty) {
            if (entry.gd$extendedProperty[k].name == 'blogger.contentRemoved') {
              return '<span class="deleted-comment">' + entry.content.$t + '</span>';
            }
          }
        }
        return entry.content.$t;
      }

      var parse = function(data) {
        cursor = null;
        var comments = [];
        if (data && data.feed && data.feed.entry) {
          for (var i = 0, entry; entry = data.feed.entry[i]; i++) {
            var comment = {};
            // comment ID, parsed out of the original id format
            var id = /blog-(\d+).post-(\d+)/.exec(entry.id.$t);
            comment.id = id ? id[2] : null;
            comment.body = bodyFromEntry(entry);
            comment.timestamp = Date.parse(entry.published.$t) + '';
            if (entry.author && entry.author.constructor === Array) {
              var auth = entry.author[0];
              if (auth) {
                comment.author = {
                  name: (auth.name ? auth.name.$t : undefined),
                  profileUrl: (auth.uri ? auth.uri.$t : undefined),
                  avatarUrl: (auth.gd$image ? auth.gd$image.src : undefined)
                };
              }
            }
            if (entry.link) {
              if (entry.link[2]) {
                comment.link = comment.permalink = entry.link[2].href;
              }
              if (entry.link[3]) {
                var pid = /.*comments\/default\/(\d+)\?.*/.exec(entry.link[3].href);
                if (pid && pid[1]) {
                  comment.parentId = pid[1];
                }
              }
            }
            comment.deleteclass = 'item-control blog-admin';
            if (entry.gd$extendedProperty) {
              for (var k in entry.gd$extendedProperty) {
                if (entry.gd$extendedProperty[k].name == 'blogger.itemClass') {
                  comment.deleteclass += ' ' + entry.gd$extendedProperty[k].value;
                } else if (entry.gd$extendedProperty[k].name == 'blogger.displayTime') {
                  comment.displayTime = entry.gd$extendedProperty[k].value;
                }
              }
            }
            comments.push(comment);
          }
        }
        return comments;
      };

      var paginator = function(callback) {
        if (hasMore()) {
          var url = config.feed + '?alt=json&v=2&orderby=published&reverse=false&max-results=50';
          if (cursor) {
            url += '&published-min=' + new Date(cursor).toISOString();
          }
          window.bloggercomments = function(data) {
            var parsed = parse(data);
            cursor = parsed.length < 50 ? null
                : parseInt(parsed[parsed.length - 1].timestamp) + 1
            callback(parsed);
            window.bloggercomments = null;
          }
          url += '&callback=bloggercomments';
          var script = document.createElement('script');
          script.type = 'text/javascript';
          script.src = url;
          document.getElementsByTagName('head')[0].appendChild(script);
        }
      };
      var hasMore = function() {
        return !!cursor;
      };
      var getMeta = function(key, comment) {
        if ('iswriter' == key) {
          var matches = !!comment.author
              && comment.author.name == config.authorName
              && comment.author.profileUrl == config.authorUrl;
          return matches ? 'true' : '';
        } else if ('deletelink' == key) {
          return config.baseUri + '/delete-comment.g?blogID='
               + config.blogId + '&postID=' + comment.id;
        } else if ('deleteclass' == key) {
          return comment.deleteclass;
        }
        return '';
      };

      var replybox = null;
      var replyUrlParts = null;
      var replyParent = undefined;

      var onReply = function(commentId, domId) {
        if (replybox == null) {
          // lazily cache replybox, and adjust to suit this style:
          replybox = document.getElementById('comment-editor');
          if (replybox != null) {
            replybox.height = '250px';
            replybox.style.display = 'block';
            replyUrlParts = replybox.src.split('#');
          }
        }
        if (replybox && (commentId !== replyParent)) {
          document.getElementById(domId).insertBefore(replybox, null);
          replybox.src = replyUrlParts[0]
              + (commentId ? '&parentID=' + commentId : '')
              + '#' + replyUrlParts[1];
          replyParent = commentId;
        }
      };

      var hash = (window.location.hash || '#').substring(1);
      var startThread, targetComment;
      if (/^comment-form_/.test(hash)) {
        startThread = hash.substring('comment-form_'.length);
      } else if (/^c[0-9]+$/.test(hash)) {
        targetComment = hash.substring(1);
      }

      // Configure commenting API:
      var configJso = {
        'maxDepth': config.maxThreadDepth
      };
      var provider = {
        'id': config.postId,
        'data': items,
        'loadNext': paginator,
        'hasMore': hasMore,
        'getMeta': getMeta,
        'onReply': onReply,
        'rendered': true,
        'initComment': targetComment,
        'initReplyThread': startThread,
        'config': configJso,
        'messages': msgs
      };

      var render = function() {
        if (window.goog && window.goog.comments) {
          var holder = document.getElementById('comment-holder');
          window.goog.comments.render(holder, provider);
        }
      };

      // render now, or queue to render when library loads:
      if (window.goog && window.goog.comments) {
        render();
      } else {
        window.goog = window.goog || {};
        window.goog.comments = window.goog.comments || {};
        window.goog.comments.loadQueue = window.goog.comments.loadQueue || [];
        window.goog.comments.loadQueue.push(render);
      }
    })();
// ]]>
  </script>
</b:includable>
              <b:includable id='threaded_comments' var='post'>
  <div class='comments' id='comments'>
    <a name='comments'/>
    <h4><data:post.commentLabelFull/>:</h4>

    <div class='comments-content'>
      <b:if cond='data:post.embedCommentForm'>
        <b:include data='post' name='threaded_comment_js'/>
      </b:if>
      <div id='comment-holder'>
         <data:post.commentHtml/>
      </div>
    </div>

    <p class='comment-footer'>
      <b:if cond='data:post.allowNewComments'>
        <b:include data='post' name='threaded-comment-form'/>
      <b:else/>
        <data:post.noNewCommentsText/>
      </b:if>
    </p>

    <b:if cond='data:showCmtPopup'>
      <div id='comment-popup'>
        <iframe allowtransparency='true' frameborder='0' id='comment-actions' name='comment-actions' scrolling='no'>
        </iframe>
      </div>
    </b:if>

    <div id='backlinks-container'>
    <div expr:id='data:widget.instanceId + &quot;_backlinks-container&quot;'>
       <b:if cond='data:post.showBacklinks'>
         <b:include data='post' name='backlinks'/>
       </b:if>
    </div>
    </div>
  </div>
</b:includable>
            </b:widget>
          </b:section>
        </div>
        </div>

        <div class='column-left-outer'>
        <div class='column-left-inner'>
          <aside>
          <macro:include id='main-column-left-sections' name='sections'>
            <macro:param default='0' name='num' value='0'/>
            <macro:param default='sidebar-left' name='idPrefix'/>
            <macro:param default='sidebar' name='class'/>
            <macro:param default='true' name='includeBottom'/>
          </macro:include>
          </aside>
        </div>
        </div>

        <div class='column-right-outer'>
        <div class='column-right-inner'>
          <aside>
          <macro:include id='main-column-right-sections' name='sections'>
            <macro:param default='2' name='num' value='1'/>
            <macro:param default='sidebar-right' name='idPrefix'/>
            <macro:param default='sidebar' name='class'/>
            <macro:param default='true' name='includeBottom'/>
          </macro:include>
          </aside>
        </div>
        </div>

        </div>

        <div style='clear: both'/>
      <!-- columns -->
      </div>
<div id='footer-widgets-top'/>
<div id='lower'> 
<div id='lower-wrapper'>   <div id='footer-widgetsfc'/>

<div id='lowerbar-wrapper'> 
<b:section class='lowerbar' id='lowerbar1' preferred='yes'>
   <b:widget id='HTML2' locked='false' title='' type='HTML'>
     <b:includable id='main'>
  <!-- only display title if it's non-empty -->
  <b:if cond='data:title != &quot;&quot;'>
    <h2 class='title'><data:title/></h2>
  </b:if>
  <div class='widget-content'>
    <data:content/>
  </div>

  <b:include name='quickedit'/>
</b:includable>
   </b:widget>
 </b:section> 
</div> 
<div id='lowerbar-wrapper'> 
<b:section class='lowerbar' id='lowerbar2' preferred='yes'>
   <b:widget id='HTML4' locked='false' title='Blogroll' type='HTML'>
     <b:includable id='main'>
  <!-- only display title if it's non-empty -->
  <b:if cond='data:title != &quot;&quot;'>
    <h2 class='title'><data:title/></h2>
  </b:if>
  <div class='widget-content'>
    <data:content/>
  </div>

  <b:include name='quickedit'/>
</b:includable>
   </b:widget>
 </b:section> 
</div> 
<div id='lowerbar-wrapper'> 
<b:section class='lowerbar' id='lowerbar3' preferred='yes'>
   <b:widget id='HTML3' locked='false' title='About' type='HTML'>
     <b:includable id='main'>
  <!-- only display title if it's non-empty -->
  <b:if cond='data:title != &quot;&quot;'>
    <h2 class='title'><data:title/></h2>
  </b:if>
  <div class='widget-content'>
    <data:content/>
  </div>

  <b:include name='quickedit'/>
</b:includable>
   </b:widget>
 </b:section> 
</div> 
<div style='clear: both;'/> 
</div> </div>
    <!-- main -->
    </div>
    </div>
    <div class='main-cap-bottom cap-bottom'>
      <div class='cap-left'/>
      <div class='cap-right'/>
    </div>
    </div>
    <div class='gototop'><p><a href='#wrap' rel='nofollow'>Top</a></p></div>
<div class='footerlinkscredit'>Designed By <a href='http://www.templateism.com'>Templateism</a> | <a href='http://www.seobloggertemplates.com/' id='importantlinks'> Seo Blogger Templates</a></div>
    <footer>
    <div class='footer-outer'>
    <div class='footer-cap-top cap-top'>
      <div class='cap-left'/>
      <div class='cap-right'/>
    </div>
    <div class='fauxborder-left footer-fauxborder-left'>
    <div class='fauxborder-right footer-fauxborder-right'/>
    <div class='region-inner footer-inner'>
      <macro:include id='footer-sections' name='sections'>
        <macro:param default='2' name='num'/>
        <macro:param default='footer' name='idPrefix'/>
        <macro:param default='foot' name='class'/>
        <macro:param default='false' name='includeBottom'/>
      </macro:include>
      <!-- outside of the include in order to lock Attribution widget -->
      <b:section class='foot' id='footer-3' showaddelement='no'>
        <b:widget id='Attribution1' locked='true' title='' type='Attribution'>
          <b:includable id='main'>
    <b:if cond='data:feedbackSurveyLink'>
      <div class='mobile-survey-link' style='text-align: center;'>
        <data:feedbackSurveyLink/>
      </div>
    </b:if>

    <div class='widget-content' style='text-align: center;'>
      <b:if cond='data:attribution != &quot;&quot;'>
       <data:attribution/>
      </b:if>
    </div>

    <b:include name='quickedit'/>
  </b:includable>
        </b:widget>
      </b:section>
    </div>
    </div>
    <div class='footer-cap-bottom cap-bottom'>
      <div class='cap-left'/>
      <div class='cap-right'/>
    </div>
    </div>
    </footer>


  <!-- content -->
  </div>
  </div>
  <div class='content-cap-bottom cap-bottom'>
    <div class='cap-left'/>
    <div class='cap-right'/>
  </div>
  </div>
  </div>

  <script type='text/javascript'>
    window.setTimeout(function() {
        document.body.className = document.body.className.replace(&#39;loading&#39;, &#39;&#39;);
      }, 10);
  </script>
</body>

<macro:includable id='sections' var='col'>
  <macro:if cond='data:col.num == 0'>
  <macro:else/>
    <b:section mexpr:class='data:col.class' mexpr:id='data:col.idPrefix + &quot;-1&quot;' preferred='yes' showaddelement='yes'/>

    <macro:if cond='data:col.num &gt;= 2'>
      <table border='0' cellpadding='0' cellspacing='0' mexpr:class='&quot;section-columns columns-&quot; + data:col.num'>
      <tbody>
      <tr>
        <td class='first columns-cell'>
          <b:section mexpr:class='data:col.class' mexpr:id='data:col.idPrefix + &quot;-2-1&quot;'/>
        </td>

        <td class='columns-cell'>
          <b:section mexpr:class='data:col.class' mexpr:id='data:col.idPrefix + &quot;-2-2&quot;'/>
        </td>

        <macro:if cond='data:col.num &gt;= 3'>
          <td class='columns-cell'>
            <b:section mexpr:class='data:col.class' mexpr:id='data:col.idPrefix + &quot;-2-3&quot;'/>
          </td>
        </macro:if>

        <macro:if cond='data:col.num &gt;= 4'>
          <td class='columns-cell'>
            <b:section mexpr:class='data:col.class' mexpr:id='data:col.idPrefix + &quot;-2-4&quot;'/>
          </td>
        </macro:if>
      </tr>
      </tbody>
      </table>

      <macro:if cond='data:col.includeBottom'>
        <b:section mexpr:class='data:col.class' mexpr:id='data:col.idPrefix + &quot;-3&quot;' showaddelement='no'/>
      </macro:if>
    </macro:if>
  </macro:if>
</macro:includable>

<b:section-contents id='sidebar-right-1'>
  <b:widget id='PopularPosts1' locked='false' title='Popular Posts' type='PopularPosts'>
    <b:includable id='main'>
  <b:if cond='data:title != &quot;&quot;'><h2><data:title/></h2></b:if>
  <div class='widget-content popular-posts'>
    <ul>
      <b:loop values='data:posts' var='post'>
      <li>
        <b:if cond='!data:showThumbnails'>
          <b:if cond='!data:showSnippets'>
            <!-- (1) No snippet/thumbnail -->
            <a expr:href='data:post.href'><data:post.title/></a>
          <b:else/>
            <!-- (2) Show only snippets -->
            <div class='item-title'><a expr:href='data:post.href'><data:post.title/></a></div>
            <div class='item-snippet'><data:post.snippet/></div>
          </b:if>
        <b:else/>
          <!-- (3) Show only thumbnails or (4) Snippets and thumbnails. -->
          <div expr:class='data:showSnippets ? &quot;item-content&quot; : &quot;item-thumbnail-only&quot;'>
            <b:if cond='data:post.thumbnail'>
              <div class='item-thumbnail'>
                <a expr:href='data:post.href' target='_blank'>
                  <img alt='' border='0' expr:height='data:thumbnailSize' expr:src='data:post.thumbnail' expr:width='data:thumbnailSize'/>
                </a>
              </div>
            </b:if>
            <div class='item-title'><a expr:href='data:post.href'><data:post.title/></a></div>
            <b:if cond='data:showSnippets'>
              <div class='item-snippet'><data:post.snippet/></div>
            </b:if>
          </div>
          <div style='clear: both;'/>
        </b:if>
      </li>
      </b:loop>
    </ul>
    <b:include name='quickedit'/>
  </div>
</b:includable>
  </b:widget>
  <b:widget id='HTML5' locked='false' title='Blogger templates' type='HTML'>
    <b:includable id='main'>
  <!-- only display title if it's non-empty -->
  <b:if cond='data:title != &quot;&quot;'>
    <h2 class='title'><data:title/></h2>
  </b:if>
  <div class='widget-content'>
    <data:content/>
  </div>

  <b:include name='quickedit'/>
</b:includable>
  </b:widget>
  <b:widget id='HTML1' locked='false' title='' type='HTML'>
    <b:includable id='main'>
  <!-- only display title if it's non-empty -->
  <b:if cond='data:title != &quot;&quot;'>
    <h2 class='title'><data:title/></h2>
  </b:if>
  <div class='widget-content'>
    <data:content/>
  </div>

  <b:include name='quickedit'/>
</b:includable>
  </b:widget>
</b:section-contents><b:section-contents id='footer-1'/><b:section-contents id='footer-2-1'/><b:section-contents id='footer-2-2'/></html>